,LEMMA,HEAD,HEAD POS,HEAD GEN,LEMMA GEN,SYSTEM_SUFFIX,HEAD_SUFFIX
1,αρηιθοος,θοος,Adjective,ον,ον,"('ος', 'ον')","('ος', 'ον')"
2,υπεριων,ειμι,Verb,V,ονος,"('ιων', 'ονος')",V
3,αστεροπη,οψομαι,Verb,V,ης,"('η', 'ης')",V
4,λεχεποιης,οποι,Verb,V,ου,"('ης', 'ου')",V
5,φυγοπτολεμος,πτολεμος,Noun,ου,ον,"('μος', 'ον')","('μος', 'ου')"
6,πολυμυθος,μυθος,Noun,ου,ον,"('ος', 'ον')","('ος', 'ου')"
7,προθοων,ωθεω,Verb,V,ωνος,"('ων', 'ωνος')",V
8,κερτομιος,τεμνω,Verb,V,ον,"('ιος', 'ον')",V
9,ευχροης,χροα,Noun,ας,ες,"('ης', 'ες')","('α', 'ας')"
12,ανοσος,νοσος,Noun,ου,ον,"('ος', 'ον')","('ος', 'ου')"
13,πολυμηλος,μηλον,Noun,ου,ον,"('ηλος', 'ον')","('ον', 'ου')"
16,αποτροπος,φρενοω,Verb,V,ον,"('ος', 'ον')",V
17,ιθαγενης,ανδρος,Noun,ου,ους,"('ης', 'ους')","('ρος', 'ου')"
19,ανδραγρια,αγρα,Noun,ας,ων,"('ια', 'ων')","('ρα', 'ας')"
20,εναλιγκιος,στρεφω,Verb,V,ον,"('ιος', 'ον')",V
21,πολυανθης,ανθος,Noun,ου,ες,"('ης', 'ες')","('ος', 'ου')"
22,αλληλων,λεια,Noun,ας,e,,"('εια', 'ας')"
24,αγερωχος,οχη,Noun,ης,ον,"('ος', 'ον')","('η', 'ης')"
25,αγηνορια,nan,Verb,V,ης,"('ια', 'ης')",V
26,αγηνωρ,ανδρος,Noun,ου,ορος,"('ωρ', 'ορος')","('ρος', 'ου')"
27,αγηνωρ,ανδρος,Noun,ου,ορος,"('ωρ', 'ορος')","('ρος', 'ου')"
30,αγκυλοτοξος,τοξον,Noun,ου,ον,"('ος', 'ον')","('ον', 'ου')"
32,αγλαοκαρπος,καρπος,Noun,ου,ον,"('ος', 'ον')","('ος', 'ου')"
34,αγνωστος,γνωστος,Adjective,ον,ον,"('στος', 'ον')","('στος', 'ον')"
35,αγραυλος,nan,Verb,V,ον,"('λος', 'ον')",V
36,αγριοφωνος,φωνη,Noun,ης,ον,"('νος', 'ον')","('η', 'ης')"
37,αγχεμαχος,μαχομαι,Verb,V,ον,"('ος', 'ον')",V
38,αγχιαλος,αλος,Adjective,ου,ον,"('λος', 'ον')","('λος', 'ου')"
40,αγχιθεος,θε,Verb,V,ον,"('εος', 'ον')",V
41,αγχιμαχητης,μαχομαι,Verb,V,ου,"('ητης', 'ου')",V
44,αγχιστινος,στη,Verb,V,ον,"('νος', 'ον')",V
45,αδακρυτος,αδακρυς,Noun,υ,ον,"('τος', 'ον')","('υς', 'υ')"
47,αδαμαστος,δαμαζω,Verb,V,ον,"('στος', 'ον')",V
48,αδαημων,δαημων,Adjective,ον,ον,"('μων', 'ον')","('μων', 'ον')"
49,αδεης,δεος,Noun,e,ες,"('ης', 'ες')",
52,αδηριτος,δηρις,Noun,ιος,ον,"('ιτος', 'ον')","('ις', 'ιος')"
53,αδμητος,nan,Verb,V,ου,"('τος', 'ου')",V
54,αδμητος,δαμνημι,Verb,V,ου,"('τος', 'ου')",V
58,αεκων,κρουσμα,Noun,ατος,ον,"('ων', 'ον')","('α', 'ατος')"
60,αελπης,εσπομαι,Verb,V,ες,"('ης', 'ες')",V
61,αεναων,ναω,Verb,V,ον,"('ων', 'ον')",V
63,αερσιπους,σποδος,Noun,ου,ουν,"('υς', 'ουν')","('ος', 'ου')"
64,αεσιφροσυνη,nan,Verb,V,ης,"('συνη', 'ης')",V
65,αεσιφρων,φρην,Noun,e,ον,"('ων', 'ον')",
66,αθανατος,θανατος,Noun,ου,ον,"('τος', 'ον')","('τος', 'ου')"
67,αθαπτος,θαπτω,Verb,V,ον,"('τος', 'ον')",V
68,αθεμιστιος,θεμιστειος,Adjective,ον,ον,"('ιος', 'ον')","('ειος', 'ον')"
69,αθεμιστος,θεμιστειος,Adjective,ον,ον,"('στος', 'ον')","('ειος', 'ον')"
70,αθεσφατος,θεσφατος,Adjective,ον,ον,"('τος', 'ον')","('τος', 'ον')"
71,αθηρηλοιγος,λοιγος,Adjective,ον,ου,"('ος', 'ου')","('ος', 'ον')"
74,αιγιαλεια,nan,Verb,V,ας,"('εια', 'ας')",V
75,αιγιαλος,nan,Verb,V,ου,"('λος', 'ου')",V
77,αιγιλιψ,nan,Verb,V,ιπος,,V
78,αιγιοχος,εχω,Verb,V,ου,"('ος', 'ου')",V
81,αιδρειη,nan,Verb,V,ης,"('ιη', 'ης')",V
83,αιειγενετης,γενεσθαι,Verb,V,ου,"('ετης', 'ου')",V
84,αιζηος,nan,Verb,V,ου,"('ος', 'ου')",V
85,αιθιοψ,nan,Verb,V,οπος,,V
86,αιθοψ,οψομαι,Verb,V,οπος,,V
87,αιθρηγενετης,nan,Verb,V,ου,"('ετης', 'ου')",V
88,αιθρηγενης,γενεσθαι,Verb,V,ες,"('ης', 'ες')",V
90,αιολοθωρηξ,nan,Verb,V,ηκος,,V
91,αιολομιτρης,nan,Verb,V,ου,"('ης', 'ου')",V
92,αινομορος,nan,Verb,V,ον,"('ρος', 'ον')",V
93,αιπολος,nan,Verb,V,ου,"('λος', 'ου')",V
96,ακαλαρρειτης,ρεω,Verb,V,αο,,V
99,ακαματος,nan,Verb,V,ον,"('τος', 'ον')",V
100,ακανθα,nan,Verb,V,ης,"('α', 'ης')",V
102,ακηδης,nan,Verb,V,ες,"('ης', 'ες')",V
103,ακηλητος,nan,Verb,V,ον,"('τος', 'ον')",V
104,ακηρασιος,nan,Verb,V,ον,"('σιος', 'ον')",V
105,ακηρατος,κηραινω,Verb,V,ον,"('τος', 'ον')",V
107,ακικυς,nan,Verb,V,υος,"('υς', 'υος')",V
110,ακληρος,κληρος,Noun,ου,ον,"('ρος', 'ον')","('ρος', 'ου')"
111,ακοιτης,nan,Verb,V,ου,"('της', 'ου')",V
112,ακοιτις,κειμαι,Verb,V,ιος,"('τις', 'ιος')",V
114,ακορητος,κορεννυμι,Verb,V,ον,"('τος', 'ον')",V
116,ακριτος,κρινω,Verb,V,ον,"('ιτος', 'ον')",V
117,ακριτομυθος,μυ,Noun,μυ,ον,"('ος', 'ον')",
118,ακροκομος,nan,Verb,V,ον,"('μος', 'ον')",V
119,ακροπολις,πολις,Noun,εως,εως,"('ις', 'εως')","('ις', 'εως')"
120,ακροπολος,πελομαι,Verb,V,ον,"('λος', 'ον')",V
121,ακρονεως,ναυς,Noun,e,ω,"('ως', 'ω')",
122,ακροπορος,nan,Verb,V,ον,"('ρος', 'ον')",V
123,ακτημων,nan,Verb,V,ον,"('μων', 'ον')",V
124,αλαοσκοπιη,nan,Verb,V,ης,"('ιη', 'ης')",V
126,αλεξανδρος,ανδρος,Noun,ου,ον,"('ρος', 'ον')","('ρος', 'ου')"
127,αληθεια,λανθανω,Verb,V,ας,"('εια', 'ας')",V
128,αληθης,λανθανω,Verb,V,ες,"('ης', 'ες')",V
130,αλιζωνος,ζωννυμι,Verb,V,ον,"('νος', 'ον')",V
132,αλιμυρηεις,nan,Verb,V,ηεν,"('εις', 'ηεν')",V
133,αλιοτρεφης,nan,Verb,V,ες,"('ης', 'ες')",V
135,αλιπορφυρος,nan,Verb,V,ον,"('ρος', 'ον')",V
137,αλκανδρος,nan,Verb,V,ου,"('ρος', 'ου')",V
140,αλληλων,nan,Verb,V,e,,V
141,αλλοδαπος,δαπεδον,Noun,ου,ον,"('ος', 'ον')","('ον', 'ου')"
142,αλλοειδης,nan,Verb,V,ες,"('ιδης', 'ες')",V
144,αλλοπροσαλλος,nan,Verb,V,ον,"('λος', 'ον')",V
146,αλοχος,ολεομαι,Verb,V,ον,"('ος', 'ον')",V
148,αλυτος,λυτως,Verb,V,ον,"('τος', 'ον')",V
149,αλφηστης,nan,Verb,V,ου,"('της', 'ου')",V
151,αμαξιτος,nan,Verb,V,ου,"('ιτος', 'ου')",V
152,αμαρτοεπης,nan,Verb,V,ες,"('ης', 'ες')",V
153,αματροχια,τρεχω,Verb,V,ας,"('ια', 'ας')",V
157,αμεγαρτος,μεγαιρω,Verb,V,ον,"('τος', 'ον')",V
158,αμειλικτος,nan,Verb,V,ον,"('τος', 'ον')",V
159,αμειλιχος,μειλιχη,Noun,ης,ον,"('ος', 'ον')","('η', 'ης')"
160,αμενηνος,nan,Verb,V,ον,"('νος', 'ον')",V
161,αμετρητος,μετρητος,Adjective,ον,ον,"('τος', 'ον')","('τος', 'ον')"
163,αμηχανος,μηχανη,Noun,ης,ον,"('νος', 'ον')","('η', 'ης')"
164,αμιτροχιτωνες,nan,Verb,V,ωνων,,V
166,αμμορος,nan,Verb,V,ον,"('ρος', 'ον')",V
168,αμπυξ,nan,Verb,V,υκος,,V
169,αμυμων,μυμα,Noun,ατος,ον,"('μων', 'ον')","('α', 'ατος')"
170,αμφασιη,φημι,Verb,V,ης,"('σιη', 'ης')",V
171,αμφηκης,nan,Verb,V,ες,"('ης', 'ες')",V
172,αμφηρεφης,nan,Verb,V,ες,"('ης', 'ες')",V
173,αμφηριστος,nan,Verb,V,ον,"('στος', 'ον')",V
174,αμφιαλος,αλος,Adjective,ου,ον,"('λος', 'ον')","('λος', 'ου')"
178,αμφιγυος,αμφι,Verb,V,ον,"('ος', 'ον')",V
180,αμφιδρυφος,nan,Verb,V,ον,"('ος', 'ον')",V
181,αμφιελισσα,ελισσω,Verb,V,ης,"('σα', 'ης')",V
182,αμφιθαλης,nan,Verb,V,ες,"('ης', 'ες')",V
183,αμφιθετος,nan,Verb,V,ον,"('ετος', 'ον')",V
184,αμφικομος,κομη,Noun,ης,ον,"('μος', 'ον')","('η', 'ης')"
185,αμφικυπελλος,κυπελλον,Noun,ου,ον,"('λος', 'ον')","('ον', 'ου')"
186,αμφιλοχος,nan,Verb,V,ου,"('ος', 'ου')",V
187,αμφιλυκη,nan,Verb,V,νυξ,,V
188,αμφιμαχος,nan,Verb,V,ου,"('ος', 'ου')",V
190,αμφινομος,nan,Verb,V,ου,"('μος', 'ου')",V
191,αμφιπολος,θεσμοπολος,Adjective,ον,ον,"('λος', 'ον')","('λος', 'ον')"
192,αμφιρυτος,ρεω,Verb,V,ον,"('τος', 'ον')",V
193,αμφιστρεφης,nan,Verb,V,ες,"('ης', 'ες')",V
194,αμφιτριτη,nan,Verb,V,ης,"('η', 'ης')",V
195,αμφιτρυων,nan,Verb,V,ωνος,"('ων', 'ωνος')",V
196,αμφιφαλος,nan,Verb,V,ον,"('λος', 'ον')",V
197,αμφιφορευς,nan,Verb,V,εως,"('ευς', 'εως')",V
198,αμφωτος,nan,Verb,V,ον,"('ωτος', 'ον')",V
199,αμωμητος,μωμητος,Adjective,ον,ον,"('τος', 'ον')","('τος', 'ον')"
201,αναεδνος,nan,Verb,V,ον,"('νος', 'ον')",V
202,αναδεσμη,nan,Verb,V,ης,"('η', 'ης')",V
203,αναιδεια,nan,Verb,V,ας,"('εια', 'ας')",V
204,αναιδης,nan,Verb,V,ες,"('ιδης', 'ες')",V
205,αναιμων,nan,Verb,V,ον,"('μων', 'ον')",V
206,αναιτιος,ωον,Noun,ου,ος,"('ιος', 'ος')","('ον', 'ου')"
207,αναλκις,αλκη,Noun,ης,ιδος,"('ις', 'ιδος')","('η', 'ης')"
208,αναλτος,nan,Verb,V,ον,"('τος', 'ον')",V
210,αναρσιος,αραρισκω,Verb,V,ον,"('σιος', 'ον')",V
211,αναυδος,nan,Verb,V,ον,"('ος', 'ον')",V
212,ανδραγρια,nan,Verb,V,ων,"('ια', 'ων')",V
213,ανδραιμονιδης,nan,Verb,V,ου,"('ιδης', 'ου')",V
214,ανδραιμων,nan,Verb,V,ονος,"('μων', 'ονος')",V
215,ανδραποδον,nan,Verb,V,ου,"('ον', 'ου')",V
218,ανδροκμητος,nan,Verb,V,ον,"('τος', 'ον')",V
220,ανδρομαχη,μαχομαι,Verb,V,ης,"('η', 'ης')",V
222,ανδροφαγος,nan,Verb,V,ον,"('ος', 'ον')",V
223,ανδροφονος,θεινω,Verb,V,ον,"('νος', 'ον')",V
224,ανειμων,nan,Verb,V,ον,"('μων', 'ον')",V
225,ανεμοσκεπης,nan,Verb,V,ες,"('ης', 'ες')",V
226,ανεμοτρεφης,nan,Verb,V,ες,"('ης', 'ες')",V
227,ανηνυστος,nan,Verb,V,ον,"('στος', 'ον')",V
228,ανεστιος,nan,Verb,V,ον,"('ιος', 'ον')",V
229,ανηνωρ,nan,Verb,V,ορος,"('ωρ', 'ορος')",V
230,ανιδρωτος,nan,Verb,V,ον,"('ωτος', 'ον')",V
232,ανοημων,νοεω,Verb,V,ον,"('μων', 'ον')",V
233,ανολεθρος,nan,Verb,V,ον,"('ρος', 'ον')",V
235,ανοπαια,nan,Verb,V,ων,"('ια', 'ων')",V
236,ανοσος,nan,Verb,V,ον,"('ος', 'ον')",V
237,ανοστος,νοστος,Noun,ου,ον,"('στος', 'ον')","('στος', 'ου')"
238,ανταξιος,nan,Verb,V,ον,"('ιος', 'ον')",V
239,αντηνωρ,ανδρος,Noun,ου,ορος,"('ωρ', 'ορος')","('ρος', 'ου')"
240,αντηνοριδης,nan,Verb,V,ου,"('ιδης', 'ου')",V
242,αντιθεος,θεος,Noun,ου,ον,"('εος', 'ον')","('εος', 'ου')"
243,αντιθυρος,nan,Verb,V,ον,"('ρος', 'ον')",V
245,αντιλοχος,λοχος,Noun,ου,ου,"('ος', 'ου')","('ος', 'ου')"
246,αντιμαχος,nan,Verb,V,ου,"('ος', 'ου')",V
247,αντινοος,nan,Verb,V,ου,"('ος', 'ου')",V
249,αντιφατης,nan,Verb,V,ου,"('της', 'ου')",V
250,αντιφονος,θεινω,Verb,V,ον,"('νος', 'ον')",V
251,αντιφος,φονος,Noun,ου,ου,"('ος', 'ου')","('νος', 'ου')"
252,αντυξ,τευχω,Verb,V,υγος,,V
253,ανωιστος,nan,Verb,V,ον,"('στος', 'ον')",V
255,αξυλος,nan,Verb,V,ον,"('λος', 'ον')",V
256,αολλης,ειλω,Verb,V,ες,"('ης', 'ες')",V
257,απαλαμνος,nan,Verb,V,ον,"('νος', 'ον')",V
258,απαλοτρεφης,nan,Verb,V,ες,"('ης', 'ες')",V
260,απαστος,πατεομαι,Verb,V,ον,"('στος', 'ον')",V
261,απειλητηρ,nan,Verb,V,ηρος,"('τηρ', 'ηρος')",V
264,απειρων,πειραρ,Noun,ατος,ον,"('ων', 'ον')",
266,απερεισιος,πειραρ,Noun,ατος,ον,"('σιος', 'ον')",
267,απευθης,nan,Verb,V,ες,"('ης', 'ες')",V
268,απημαντος,πημαινω,Verb,V,ον,"('τος', 'ον')",V
269,απημων,πημα,Noun,ατος,ον,"('μων', 'ον')","('α', 'ατος')"
271,απηωρος,nan,Verb,V,ον,"('ρος', 'ον')",V
272,απιστος,πευθομαι,Verb,V,ον,"('στος', 'ον')",V
273,απνευστος,nan,Verb,V,ον,"('στος', 'ον')",V
275,αποινα,ποινη,Noun,ης,ων,"('α', 'ων')","('η', 'ης')"
276,απολυμαντηρ,αλμαινομαι,Verb,V,ηρος,"('τηρ', 'ηρος')",V
277,απορθητος,πορθεω,Verb,V,ον,"('τος', 'ον')",V
279,απριατος,nan,Verb,V,ον,"('τος', 'ον')",V
280,αποτμος,ποτμος,Noun,ου,ον,"('μος', 'ον')","('μος', 'ου')"
281,αποτροπος,nan,Verb,V,ον,"('ος', 'ον')",V
282,απροτιμαστος,μαιομαι,Verb,V,ον,"('στος', 'ον')",V
283,απτερος,περ,Verb,V,ον,"('τερος', 'ον')",V
284,απτοεπης,επος,Noun,e,ες,"('ης', 'ες')",
285,απτολεμος,πολεμος,Noun,ου,ον,"('μος', 'ον')","('μος', 'ου')"
286,απυργωτος,πυργοω,Verb,V,ον,"('ωτος', 'ον')",V
289,απυστος,πυνθανομαι,Verb,V,ον,"('στος', 'ον')",V
290,αργειφοντης,φονος,Noun,ου,ου,"('της', 'ου')","('νος', 'ου')"
291,αργικεραυνος,κεραυνος,Noun,ου,ον,"('νος', 'ον')","('νος', 'ου')"
293,αργιπους,σποδος,Noun,ου,οδος,,"('ος', 'ου')"
294,αργυροδινης,δινη,Noun,ης,ου,"('ης', 'ου')","('η', 'ης')"
295,αργυροπεζα,πεζα,Noun,ης,ας,"('α', 'ας')","('α', 'ης')"
296,αρηιθοος,nan,Verb,V,ον,"('ος', 'ον')",V
298,αρηιφιλος,φιλος,Adjective,ον,ον,"('λος', 'ον')","('λος', 'ον')"
299,αριαδνη,αγνος,Adjective,ον,ης,"('η', 'ης')","('νος', 'ον')"
300,αριγνωτος,nan,Verb,V,ου,"('ωτος', 'ου')",V
301,αριδεικετος,δεικνυμι,Verb,V,ον,"('ετος', 'ον')",V
302,αριζηλος,δεατος,Noun,e,ον,"('ηλος', 'ον')",
303,αριπρεπης,πρεπω,Verb,V,ες,"('ης', 'ες')",V
304,αρισφαλης,nan,Verb,V,ες,"('ης', 'ες')",V
306,αρχεκακος,κακον,Noun,ου,ον,"('ος', 'ον')","('ον', 'ου')"
309,αρρηκτος,ρηγνυμι,Verb,V,ον,"('τος', 'ον')",V
311,αρτιεπης,επει,Verb,V,ες,"('ης', 'ες')",V
313,αρτιφρων,φρενοω,Verb,V,ον,"('ων', 'ον')",V
314,αρχελοχος,λοχος,Noun,ου,ου,"('ος', 'ου')","('ος', 'ου')"
315,αρχεπτολεμος,πτολεμος,Noun,ου,ου,"('μος', 'ου')","('μος', 'ου')"
319,ασινης,σινομαι,Verb,V,ες,"('ης', 'ες')",V
320,ασκελης,σκελλω,Verb,V,ες,"('ης', 'ες')",V
322,ασκοπος,σκοπεω,Verb,V,ον,"('ος', 'ον')",V
324,αστεροπαιος,nan,Verb,V,ου,"('ιος', 'ου')",V
325,αστεροπη,οψομαι,Verb,V,ης,"('η', 'ης')",V
326,αστεροπητης,nan,Verb,V,ου,"('ητης', 'ου')",V
329,αστυπυλος,πυλη,Noun,ης,ου,"('λος', 'ου')","('η', 'ης')"
332,ασωπος,πος,Verb,V,ου,"('ος', 'ου')",V
333,αταλαντος,ταλαντον,Noun,ου,ον,"('τος', 'ον')","('ον', 'ου')"
334,αταλαφρων,φρενοω,Verb,V,ον,"('ων', 'ον')",V
337,ατασθαλος,θαλλω,Verb,V,ον,"('λος', 'ον')",V
339,ατειρης,τειρω,Verb,V,ες,"('ης', 'ες')",V
340,ατελεστος,τελεστης,Noun,ου,ον,"('στος', 'ον')","('της', 'ου')"
341,ατελευτητος,τελευταω,Verb,V,ον,"('τος', 'ον')",V
342,ατερπης,στερομαι,Verb,V,ες,"('ης', 'ες')",V
343,ατιμητος,τιμαω,Verb,V,ον,"('τος', 'ον')",V
344,ατιμος,τιμη,Noun,ης,ον,"('μος', 'ον')","('η', 'ης')"
345,ατιτος,τινυμι,Verb,V,ον,"('ιτος', 'ον')",V
347,ατλητος,τλητος,Adjective,ον,ον,"('τος', 'ον')","('τος', 'ον')"
348,ατραπιτος,τραπεω,Verb,V,ου,"('ιτος', 'ου')",V
349,ατριπτος,τριβω,Verb,V,ον,"('τος', 'ον')",V
350,ατρομος,τρομος,Noun,ου,ον,"('μος', 'ον')","('μος', 'ου')"
351,ατρυγετος,τρυγων,Noun,ονος,ον,"('ετος', 'ον')","('ων', 'ονος')"
352,ατρυτωνη,ατρυτος,Adjective,ον,ης,"('η', 'ης')","('τος', 'ον')"
353,αυιαχος,nan,Verb,V,ον,"('ος', 'ον')",V
354,αυλωπις,πος,Verb,V,ιδος,"('ις', 'ιδος')",V
355,αυπνος,υπνος,Noun,ου,ον,"('νος', 'ον')","('νος', 'ου')"
356,αυταγρετος,αγρεω,Verb,V,ον,"('ετος', 'ον')",V
357,αυτοδιδακτος,διδασκω,Verb,V,ον,"('τος', 'ον')",V
358,αυτοετης,ετειος,Adjective,ον,ες,"('ετης', 'ες')","('ειος', 'ον')"
359,αυτοκασιγνητος,γενεσθαι,Verb,V,ου,"('τος', 'ου')",V
360,αυτολυκος,nan,Verb,V,ου,"('ος', 'ου')",V
361,αυτοματος,nan,Verb,V,ον,"('τος', 'ον')",V
364,αυτοσταδιη,σταδιος,Adjective,ον,ης,"('ιη', 'ης')","('ιος', 'ον')"
365,αυτοσχεδιος,σχεδιος,Noun,ος,ον,"('ιος', 'ον')","('ιος', 'ος')"
366,αυτοφονος,nan,Verb,V,ον,"('νος', 'ον')",V
367,αυτοχοωνος,χοανος,Noun,ου,ον,"('νος', 'ον')","('νος', 'ου')"
368,αφαλος,φαλος,Adjective,ον,ον,"('λος', 'ον')","('λος', 'ον')"
369,αφθιτος,φθινω,Verb,V,ον,"('ιτος', 'ον')",V
370,αφραδης,υποφραζομαι,Verb,V,ες,"('ης', 'ες')",V
371,αφραδιη,υποφραζομαι,Verb,V,ης,"('ιη', 'ης')",V
373,αφροσυνη,nan,Verb,V,ης,"('συνη', 'ης')",V
374,αφρων,φρενοω,Verb,V,ον,"('ων', 'ον')",V
375,αχαριστος,αχαριστος,Adjective,ον,ον,"('στος', 'ον')","('στος', 'ον')"
377,αψορρος,ορνυμι,Verb,V,ον,"('ρος', 'ον')",V
379,ευρυμεδουσα,μεδω,Verb,V,ης,"('σα', 'ης')",V
381,νηριτος,αριθμος,Noun,ου,ον,"('ιτος', 'ον')","('μος', 'ου')"
382,κερτομιος,nan,Verb,V,ον,"('ιος', 'ον')",V
383,μενεχαρμος,nan,Verb,V,ον,"('μος', 'ον')",V
385,βαθυδινης,δινη,Noun,ης,ου,"('ης', 'ου')","('η', 'ης')"
386,βαθυδινηεις,δινη,Noun,ης,εν,"('εις', 'εν')","('η', 'ης')"
387,βαθυζωνος,ζωνη,Noun,ης,ου,"('νος', 'ου')","('η', 'ης')"
389,βαθυκολπος,κολπος,Noun,ου,ον,"('ος', 'ον')","('ος', 'ου')"
390,βαθυλειμος,λειμων,Noun,ωνος,ον,"('μος', 'ον')","('μων', 'ωνος')"
391,βαθυρρειτης,ηρεμει,Verb,V,ου,"('της', 'ου')",V
393,βαθυσχοινος,σχοινος,Noun,ου,ον,"('νος', 'ον')","('νος', 'ου')"
394,βηταρμων,αραρισκω,Verb,V,ονος,"('μων', 'ονος')",V
395,βιανωρ,ανδρος,Noun,ου,ορος,"('ωρ', 'ορος')","('ρος', 'ου')"
396,βλοσυρωπις,πος,Verb,V,ιδος,"('ις', 'ιδος')",V
397,βοηθοος,ωθεω,Verb,V,ον,"('ος', 'ον')",V
398,βοηλασια,ελαυνω,Verb,V,ας,"('σια', 'ας')",V
402,βουκολος,βους,Noun,e,ου,"('λος', 'ου')",
403,βουληφορος,φερω,Verb,V,ον,"('ρος', 'ον')",V
404,βουπρασιον,πρασον,Noun,ου,ου,"('σιον', 'ου')","('ον', 'ου')"
405,βοωπις,nan,Verb,V,ιδος,"('ις', 'ιδος')",V
407,βροτολοιγος,λοιγος,Adjective,ον,ον,"('ος', 'ον')","('ος', 'ον')"
408,βωτιανειρα,ανδρος,Noun,ου,ας,"('ρα', 'ας')","('ρος', 'ου')"
409,γαιηοχος,οχεω,Verb,V,ον,"('ος', 'ον')",V
410,γαμψωνυξ,ονυξ,Noun,υχος,υχος,,
413,γυναιμανης,μαινομαι,Verb,V,ες,"('ης', 'ες')",V
414,δασπλητις,πελαζω,Verb,V,e,,V
415,δασυμαλλος,μαλλος,Noun,ου,ον,"('λος', 'ον')","('λος', 'ου')"
416,δεισηνωρ,ανδρος,Noun,ου,ορος,"('ωρ', 'ορος')","('ρος', 'ου')"
417,δεκαχιλοι,χιλιοι,Adjective,α,α,,
418,δεσποινα,δεσποτης,Noun,ου,ης,"('α', 'ης')","('της', 'ου')"
421,δηιοπιτης,οπις,Noun,e,ου,"('της', 'ου')",
422,δηιπυλος,πυλος,Adjective,ου,ου,"('λος', 'ου')","('λος', 'ου')"
426,δυωκαιεικοσιμετρος,μετρον,Noun,ου,ον,"('ρος', 'ον')","('ον', 'ου')"
429,δαιφρων,φρενοω,Verb,V,ονος,"('ων', 'ονος')",V
431,δημοδοκος,δεκομαι,Verb,V,ου,"('ος', 'ου')",V
432,δαπεδον,πεδον,Noun,ου,ου,"('ον', 'ου')","('ον', 'ου')"
433,δημοπτολεμος,πολεμος,Noun,ου,ου,"('μος', 'ου')","('μος', 'ου')"
438,διηνεκης,ηνεκης,Verb,V,ες,"('ης', 'ες')",V
439,διιπετης,πιπτω,Verb,V,ες,"('ετης', 'ες')",V
440,δικασπολος,θεσμοπολος,Adjective,ον,ον,"('λος', 'ον')","('λος', 'ον')"
441,δικλις,κλινω,Verb,V,ιδος,"('ις', 'ιδος')",V
442,διογενης,γιγνομαι,Verb,V,ες,"('ης', 'ες')",V
444,διομηδη,μηδομαι,Verb,V,ης,"('η', 'ης')",V
446,διοτρεφης,τρεφω,Verb,V,ες,"('ης', 'ες')",V
447,διπλαξ,πλεκω,Verb,V,ακος,,V
449,διπτυχος,πτυσσω,Verb,V,ον,"('ος', 'ον')",V
450,δισθανης,θνησκω,Verb,V,ες,"('ης', 'ες')",V
451,δισκουρα,ουρον,Noun,ου,ων,"('ρα', 'ων')","('ον', 'ου')"
452,διφρος,φερω,Verb,V,ου,"('ρος', 'ου')",V
453,δολιχαυλος,αυλη,Noun,ης,ον,"('λος', 'ον')","('η', 'ης')"
455,δολιχηρετμος,ερετμος,Noun,ου,ον,"('μος', 'ον')","('μος', 'ου')"
456,δολιχοσκιος,σκια,Noun,ας,ον,"('ιος', 'ον')","('ια', 'ας')"
459,δολοπιων,πινος,Noun,ου,ονος,"('ιων', 'ονος')","('νος', 'ου')"
460,δολοφρονεων,φρονεω,Verb,V,εον,,V
462,δολοψ,οψομαι,Verb,V,e,,V
466,δουρικλυτος,κλυτος,Adjective,ον,ου,"('τος', 'ου')","('τος', 'ον')"
469,δρυοχος,εχω,Verb,V,ου,"('ος', 'ου')",V
470,δρυτομος,τομη,Noun,ης,ον,"('μος', 'ον')","('η', 'ης')"
472,δυσαης,αημι,Verb,V,ες,"('ης', 'ες')",V
473,δυσαμμορος,αμμορος,Adjective,ον,ον,"('ρος', 'ον')","('ρος', 'ον')"
475,δυσηλεγης,αλεγω,Verb,V,ες,"('ης', 'ες')",V
477,δυσκελαδος,κελαδος,Noun,ου,ον,"('ος', 'ον')","('ος', 'ου')"
478,δυσκηδης,κηδω,Verb,V,ες,"('ης', 'ες')",V
483,δυσπονης,υης,Noun,ου,ες,"('ης', 'ες')","('ης', 'ου')"
484,δυστηνος,ιστημι,Verb,V,ον,"('νος', 'ον')",V
485,δυσχειμερος,χειμεριος,Noun,α,ον,"('ρος', 'ον')","('ιος', 'α')"
486,δυσωνυμος,νωνυμος,Adjective,ον,ον,"('μος', 'ον')","('μος', 'ον')"
489,εγκεφαλος,nan,Verb,V,ον,"('λος', 'ον')",V
490,εγχεσιμωρος,μαρναμαι,Verb,V,ον,"('ρος', 'ον')",V
491,εγχεσπαλος,παλλω,Verb,V,ον,"('λος', 'ον')",V
493,εικοσινηριτος,αριθμος,Noun,ου,ον,"('ιτος', 'ον')","('μος', 'ου')"
501,εινοσιφυλλος,nan,Verb,V,ον,"('λος', 'ον')",V
502,ειροποκος,nan,Verb,V,ον,"('ος', 'ον')",V
504,εκαεργος,nan,Verb,V,ου,"('ος', 'ου')",V
507,εκατογχειρος,nan,Verb,V,ον,"('ρος', 'ον')",V
510,εκατομπυλος,πυλη,Noun,ης,ον,"('λος', 'ον')","('η', 'ης')"
511,εκατος,nan,Verb,V,ου,"('τος', 'ου')",V
512,εκγονος,nan,Verb,V,ον,"('νος', 'ον')",V
515,εκπαγλος,ολος,Adjective,ολον,ον,"('λος', 'ον')",
516,ελικωπις,οψομαι,Verb,V,ιδος,"('ις', 'ιδος')",V
517,ελικωψ,nan,Verb,V,ωπος,,V
518,ελκεσιπεπλος,nan,Verb,V,ον,"('λος', 'ον')",V
519,ελκεχιτων,χιτων,Noun,ωνος,ωνος,"('ων', 'ωνος')","('ων', 'ωνος')"
520,ελλησποντος,ποντος,Noun,ου,ου,"('τος', 'ου')","('τος', 'ου')"
521,ελπηνωρ,υψηνωρ,Noun,ορος,ορος,"('ωρ', 'ορος')","('ωρ', 'ορος')"
524,εμπορος,πορος,Noun,ου,ου,"('ρος', 'ου')","('ρος', 'ου')"
525,εναισιμος,ωον,Noun,ου,ον,"('μος', 'ον')","('ον', 'ου')"
526,εναλιγκιος,nan,Verb,V,ον,"('ιος', 'ον')",V
529,εναργης,nan,Verb,V,ες,"('ης', 'ες')",V
530,εναριθμιος,nan,Verb,V,ον,"('ιος', 'ον')",V
533,ενδεκαπηχυς,πηχυιος,Adjective,ον,υ,"('υς', 'υ')","('ιος', 'ον')"
534,ενδεκατος,nan,Verb,V,ον,"('τος', 'ον')",V
536,ενδιος,διος,Adjective,διον,ον,"('ιος', 'ον')",
537,ενευναιος,ευνη,Noun,ης,ον,"('ιος', 'ον')","('η', 'ης')"
538,ενηειη,nan,Verb,V,ης,"('ιη', 'ης')",V
541,ενιαυτος,nan,Verb,V,ου,"('τος', 'ου')",V
544,εννεαπηχυς,πηχυς,Noun,εως,υ,"('υς', 'υ')","('υς', 'εως')"
545,εννεαχιλοι,χιλιοι,Adjective,α,α,,
546,εννεοργυιος,οργυια,Noun,ας,ον,"('ιος', 'ον')","('ια', 'ας')"
547,εννεωρος,nan,Verb,V,ον,"('ρος', 'ον')",V
548,εννομος,νομος,Noun,ου,ον,"('μος', 'ον')","('μος', 'ου')"
549,εννοσιγαιος,nan,Verb,V,ου,"('ιος', 'ου')",V
550,εννυχιος,nan,Verb,V,α,"('ιος', 'α')",V
553,ενορχος,ορχις,Noun,ιος,ον,"('ος', 'ον')","('ις', 'ιος')"
555,εντεσιεργος,εργον,Noun,ου,ον,"('ος', 'ον')","('ον', 'ου')"
557,επαιτιος,ωον,Noun,ου,ον,"('ιος', 'ον')","('ον', 'ου')"
559,επηγκενιδες,αγκων,Noun,ωνος,ων,"('ιδες', 'ων')","('ων', 'ωνος')"
561,εριαυχην,ξενος,Adjective,ον,εν,,"('νος', 'ον')"
563,εχενηος,nan,Verb,V,ου,"('ος', 'ου')",V
565,εξετης,nan,Verb,V,ες,"('ετης', 'ες')",V
566,εξοχος,εχω,Verb,V,ον,"('ος', 'ον')",V
567,επαλξις,αλεξω,Noun,ους,εως,"('ις', 'εως')",
569,επαρουρος,αρουρα,Noun,ας,ον,"('ρος', 'ον')","('ρα', 'ας')"
575,επηρατος,ερατος,Adjective,ον,ον,"('τος', 'ον')","('τος', 'ον')"
576,επηρετμος,nan,Verb,V,ον,"('μος', 'ον')",V
577,επηρεφης,ερεφω,Verb,V,ες,"('ης', 'ες')",V
578,επητριμος,ητριον,Noun,ου,ον,"('μος', 'ον')","('ιον', 'ου')"
584,επιδημιος,δημος,Noun,ου,ον,"('ιος', 'ον')","('μος', 'ου')"
586,επιεικελος,εικελος,Adjective,ον,ον,"('λος', 'ον')","('λος', 'ον')"
589,επιηρανος,χαρων,Adjective,ωνος,ον,"('νος', 'ον')","('ων', 'ωνος')"
592,επικλησις,καλεω,Verb,V,εως,"('σις', 'εως')",V
593,επικλοπος,κλεπτω,Verb,V,ον,"('ος', 'ον')",V
594,επικουρος,κουρος,Noun,ου,ον,"('ρος', 'ον')","('ρος', 'ου')"
595,επιμαρτυρος,μαρτυρος,Noun,ου,ου,"('ρος', 'ου')","('ρος', 'ου')"
597,επιξυνος,ξυνος,Adjective,ον,ον,"('νος', 'ον')","('νος', 'ον')"
598,επιορκος,ορκος,Noun,ου,ον,"('ος', 'ον')","('ος', 'ου')"
599,επιουρος,αορος,Adjective,ον,ου,"('ρος', 'ου')","('ρος', 'ον')"
600,επιποιμην,ποιμην,Noun,ενος,ενος,,
601,επιρροθος,ροθος,Noun,ου,ον,"('ος', 'ον')","('ος', 'ου')"
602,επισκοπος,σκεπτομαι,Verb,V,ου,"('ος', 'ου')",V
605,επισχεσιη,σχειν,Verb,V,ης,"('σιη', 'ης')",V
606,επιταρροθος,ταρροθος,Adjective,ου,ου,"('ος', 'ου')","('ος', 'ου')"
607,επιτονος,nan,Verb,V,ον,"('νος', 'ον')",V
608,επιφρων,φρενοω,Verb,V,ονος,"('ων', 'ονος')",V
612,επταποδης,σποδος,Noun,ου,ου,"('ης', 'ου')","('ος', 'ου')"
613,επταπορος,πορος,Noun,ου,ον,"('ρος', 'ον')","('ρος', 'ου')"
614,επωνυμος,nan,Verb,V,ον,"('μος', 'ον')",V
618,εριγδουπος,δουπος,Noun,ου,ον,"('ος', 'ον')","('ος', 'ου')"
619,εριηρος,ηρσα,Verb,V,ον,"('ρος', 'ον')",V
620,εριθηλης,θαλλω,Verb,V,ες,"('ης', 'ες')",V
622,εριμυκος,μυκαομαι,Verb,V,ον,"('ος', 'ον')",V
623,εριουνιος,δρομευς,Noun,εως,ου,"('ιος', 'ου')","('ευς', 'εως')"
624,ερισθενης,ασθενως,Verb,V,ες,"('ης', 'ες')",V
625,ερισταφυλος,σταφυλη,Noun,ης,ον,"('λος', 'ον')","('η', 'ης')"
626,εριτιμος,τιμη,Noun,ης,ον,"('μος', 'ον')","('η', 'ης')"
627,εριφυλη,φυλον,Noun,ου,ης,"('η', 'ης')","('ον', 'ου')"
629,ετεοκρητες,τητες,Verb,V,ων,"('ες', 'ων')",V
630,ετεραλκης,αλκη,Noun,ης,ες,"('ης', 'ες')","('η', 'ης')"
634,ευανθης,ανθος,Noun,ου,ες,"('ης', 'ες')","('ος', 'ου')"
636,ευγναμπτος,nan,Verb,V,ον,"('τος', 'ον')",V
637,ευδειελος,δειελος,Adjective,ον,ον,"('λος', 'ον')","('λος', 'ον')"
638,ευδικια,δικη,Noun,ης,ας,"('ια', 'ας')","('η', 'ης')"
639,ευδμητος,δεμω,Verb,V,ον,"('τος', 'ον')",V
640,ευδωρος,nan,Verb,V,ον,"('ρος', 'ον')",V
641,ευειδης,nan,Verb,V,ες,"('ιδης', 'ες')",V
642,ευεργεσια,nan,Verb,V,ας,"('σια', 'ας')",V
643,ευεργης,εργον,Noun,ου,ες,"('ης', 'ες')","('ον', 'ου')"
644,ευερκης,nan,Verb,V,ες,"('ης', 'ες')",V
647,ευηγεσιη,ηγεσια,Noun,ας,ης,"('σιη', 'ης')","('σια', 'ας')"
648,ευηκης,αικη,Noun,ης,ες,"('ης', 'ες')","('η', 'ης')"
649,ευηνοριδης,nan,Verb,V,ου,"('ιδης', 'ου')",V
650,ευηνωρ,ανδρος,Noun,ου,ορος,"('ωρ', 'ορος')","('ρος', 'ου')"
651,ευηρης,αραρισκω,Verb,V,ες,"('ης', 'ες')",V
652,ευηφενης,αφενος,Noun,ου,ες,"('ης', 'ες')","('νος', 'ου')"
654,ευθρονος,θρονος,Noun,ου,ον,"('νος', 'ον')","('νος', 'ου')"
655,ευθυμος,nan,Verb,V,ον,"('μος', 'ον')",V
656,ευκαμπης,καμπτω,Verb,V,ες,"('ης', 'ες')",V
657,ευκεατος,κεαζω,Verb,V,ον,"('τος', 'ον')",V
658,ευκηλος,nan,Verb,V,ον,"('ηλος', 'ον')",V
661,ευκνημις,κνημις,Noun,ιδος,ιδος,"('ις', 'ιδος')","('ις', 'ιδος')"
662,ευκτιμενος,ευκτιμενος,Noun,ον,ον,"('νος', 'ον')","('νος', 'ον')"
663,ευκυκλος,κυκλος,Noun,ου,ον,"('λος', 'ον')","('λος', 'ου')"
664,ευμαιος,αμασομαι,Verb,V,ου,"('ιος', 'ου')",V
665,ευμηδης,μηδομαι,Verb,V,ους,"('ης', 'ους')",V
666,ευμηλος,μηλοω,Verb,V,ον,"('ηλος', 'ον')",V
667,ευμηλος,nan,Verb,V,ον,"('ηλος', 'ον')",V
670,ευνομια,νομος,Noun,ου,ας,"('ια', 'ας')","('μος', 'ου')"
671,ευξεστος,ξεστος,Adjective,ον,ον,"('στος', 'ον')","('στος', 'ον')"
672,ευξοος,ξεω,Verb,V,οον,,V
673,ευορμος,nan,Verb,V,ον,"('μος', 'ον')",V
674,ευπατερεια,nan,Verb,V,ας,"('εια', 'ας')",V
675,ευπειθης,nan,Verb,V,ες,"('ης', 'ες')",V
676,ευπεπλος,πεπλος,Noun,ου,ον,"('λος', 'ον')","('λος', 'ου')"
677,ευπηγης,nan,Verb,V,ες,"('ης', 'ες')",V
678,ευπηκτος,πηγνυμι,Verb,V,ον,"('τος', 'ον')",V
681,ευπλεκτος,nan,Verb,V,ον,"('τος', 'ον')",V
685,ευπλυνης,πλυνω,Verb,V,ες,"('ης', 'ες')",V
686,ευποιητος,nan,Verb,V,ον,"('τος', 'ον')",V
687,ευπρυμνος,nan,Verb,V,ον,"('νος', 'ον')",V
688,ευπυργος,nan,Verb,V,ον,"('ος', 'ον')",V
689,ευπωλος,nan,Verb,V,ον,"('λος', 'ον')",V
690,ευρρεης,ρεω,Verb,V,ες,"('ης', 'ες')",V
691,ευρροος,nan,Verb,V,οον,,V
693,ευρυαδης,nan,Verb,V,ου,"('ης', 'ου')",V
694,ευρυαλος,αλος,Adjective,ου,ον,"('λος', 'ον')","('λος', 'ου')"
697,ευρυδικη,nan,Verb,V,ης,"('η', 'ης')",V
700,ευρυλοχος,λοχος,Noun,ου,ου,"('ος', 'ου')","('ος', 'ου')"
701,ευρυμαχος,nan,Verb,V,ου,"('ος', 'ου')",V
703,ευρυμετωπος,μετωπον,Noun,ου,ον,"('ος', 'ον')","('ον', 'ου')"
704,ευρυνομη,νεμω,Verb,V,ης,"('η', 'ης')",V
705,ευρυνομος,nan,Verb,V,ου,"('μος', 'ου')",V
708,ευρυπορος,nan,Verb,V,ον,"('ρος', 'ον')",V
709,ευρυπυλης,nan,Verb,V,ες,"('ης', 'ες')",V
710,ευρυπυλος,πυλη,Noun,ης,ου,"('λος', 'ου')","('η', 'ης')"
711,ευρυρεεθρος,nan,Verb,V,ον,"('ρος', 'ον')",V
713,ευρυσθευς,ευρυς,Adjective,ευρυ,εως,"('ευς', 'εως')",
714,ευρυτος,ρυτος,Adjective,ον,ον,"('τος', 'ον')","('τος', 'ον')"
715,ευρυφυης,nan,Verb,V,ες,"('ης', 'ες')",V
716,ευρυχορος,χορος,Noun,ου,ον,"('ρος', 'ον')","('ρος', 'ου')"
717,ευσκαρθμος,nan,Verb,V,ον,"('μος', 'ον')",V
718,ευσκοπος,σκοπεω,Verb,V,ον,"('ος', 'ον')",V
720,ευστεφανος,nan,Verb,V,ον,"('νος', 'ον')",V
721,ευσταθης,ιστημι,Verb,V,ες,"('ης', 'ες')",V
722,ευστρεπτος,nan,Verb,V,ον,"('τος', 'ον')",V
725,ευτμητος,nan,Verb,V,ον,"('τος', 'ον')",V
726,ευτρεφης,τρεφω,Verb,V,ες,"('ης', 'ες')",V
727,ευτροχος,τροχος,Adjective,ον,ον,"('ος', 'ον')","('ος', 'ον')"
728,ευτυκτος,nan,Verb,V,ον,"('τος', 'ον')",V
730,ευφραδης,nan,Verb,V,ες,"('ης', 'ες')",V
732,ευφροσυνη,nan,Verb,V,ης,"('συνη', 'ης')",V
733,ευφρων,φρενοω,Verb,V,ον,"('ων', 'ον')",V
734,ευφυης,nan,Verb,V,ες,"('ης', 'ες')",V
735,ευχαλκος,nan,Verb,V,ον,"('ος', 'ον')",V
736,ευχροης,nan,Verb,V,ες,"('ης', 'ες')",V
737,ευωδης,nan,Verb,V,ες,"('ης', 'ες')",V
738,ευωπις,nan,Verb,V,ιδος,"('ις', 'ιδος')",V
739,εφεστιος,εστια,Noun,ας,ον,"('ιος', 'ον')","('ια', 'ας')"
740,εφημεριος,nan,Verb,V,ον,"('ιος', 'ον')",V
743,εχεπωλος,nan,Verb,V,ου,"('λος', 'ου')",V
744,εχεφρων,nan,Verb,V,ονος,"('ων', 'ονος')",V
745,εωσφορος,φερω,Verb,V,ου,"('ρος', 'ου')",V
746,ζαης,αημι,Verb,V,ες,"('ης', 'ες')",V
748,ζατρεφης,τρεφω,Verb,V,ες,"('ης', 'ες')",V
751,ζαχρηης,ωχραω,Verb,V,ηες,,V
752,ζειδωρος,δωρεω,Verb,V,ον,"('ρος', 'ον')",V
753,ζυγοδεσμον,δεσμος,Noun,ου,ου,"('ον', 'ου')","('μος', 'ου')"
754,ηγαθεος,θεος,Noun,ου,ον,"('εος', 'ον')","('εος', 'ου')"
755,ηδυεπης,επος,Noun,e,ες,"('ης', 'ες')",
756,ηδυποτος,ποτος,Adjective,ον,ον,"('τος', 'ον')","('τος', 'ον')"
761,ηλιτομηνος,ισμηνος,Noun,ου,ον,"('νος', 'ον')","('νος', 'ου')"
762,ημιδαης,δαιω,Verb,V,ες,"('ης', 'ες')",V
764,ηνιοχος,εχω,Verb,V,ου,"('ος', 'ου')",V
765,ημιπελεκκον,πελεκυς,Noun,e,ου,"('ον', 'ου')",
766,ημιταλαντον,ταλαντον,Noun,ου,ου,"('ον', 'ου')","('ον', 'ου')"
767,ηνοψ,οψομαι,Verb,V,οπος,,V
768,ηπεδανος,εδανος,Adjective,ον,ον,"('νος', 'ον')","('νος', 'ον')"
770,ηρακλειος,nan,Verb,V,α,"('ειος', 'α')",V
771,ηριγενεια,γενεσθαι,Verb,V,ας,"('εια', 'ας')",V
774,θαλαμηπολος,πελομαι,Verb,V,ον,"('λος', 'ον')",V
775,θεοδμητος,nan,Verb,V,ον,"('τος', 'ον')",V
777,θεοεικελος,εικελος,Adjective,ον,ον,"('λος', 'ον')","('λος', 'ον')"
778,θεοκλυμενος,κλυμενος,Adjective,ον,ου,"('νος', 'ου')","('νος', 'ον')"
779,θεοπροπια,nan,Verb,V,ης,"('ια', 'ης')",V
780,θεοπροπιον,nan,Verb,V,ου,"('ιον', 'ου')",V
781,θεοπροπος,πρεπω,Verb,V,ον,"('ος', 'ον')",V
782,θεουδης,δεος,Noun,e,ες,"('ης', 'ες')",
783,θερσιλοχος,nan,Verb,V,ου,"('ος', 'ου')",V
784,θεσκελος,κελλω,Verb,V,ον,"('λος', 'ον')",V
786,θεσπιδαης,δαιω,Verb,V,ες,"('ης', 'ες')",V
787,θεσφατος,φημι,Verb,V,ον,"('τος', 'ον')",V
788,θρασυκαρδιος,θρασω,Noun,ους,ον,"('ιος', 'ον')",
789,θρασυμεμνων,θρασω,Noun,ους,ον,"('ων', 'ον')",
791,θρασυμηλος,θρασω,Noun,ους,ου,"('ηλος', 'ου')",
793,θυμαρης,αραρισκω,Verb,V,ες,"('ης', 'ες')",V
795,θυμοδακης,δακνω,Verb,V,ες,"('ης', 'ες')",V
797,θυμοραιστης,οραι,Noun,ων,ου,"('της', 'ου')",
798,θυμοφθορος,φθειρω,Verb,V,ον,"('ρος', 'ον')",V
799,θυοσκοος,κοεω,Verb,V,οον,,V
800,θυραωρος,οραω,Verb,V,ου,"('ρος', 'ου')",V
801,θυωδης,οζω,Verb,V,ες,"('ης', 'ες')",V
804,ιθαγενης,nan,Verb,V,ους,"('ης', 'ους')",V
805,ιοδνεφης,δνοφος,Noun,ου,ες,"('ης', 'ες')","('ος', 'ου')"
806,ιοδοκος,δεκομαι,Verb,V,ον,"('ος', 'ον')",V
809,ιππηλασιος,ελαυνω,Verb,V,ον,"('σιος', 'ον')",V
811,ιππηλατος,ελαυνω,Verb,V,ον,"('τος', 'ον')",V
813,ιππιοχαιτης,χαιτη,Noun,ης,ου,"('της', 'ου')","('η', 'ης')"
814,ιππιοχαρμης,χαρμη,Noun,ης,ου,"('ης', 'ου')","('η', 'ης')"
816,ιπποδαμεια,δαμαω,Verb,V,ας,"('εια', 'ας')",V
817,ιπποδαμος,δαμαω,Verb,V,ον,"('μος', 'ον')",V
818,ιπποδαμος,δαμαω,Verb,V,ον,"('μος', 'ον')",V
820,ιπποδρομος,δρομος,Noun,ου,ου,"('μος', 'ου')","('μος', 'ου')"
821,ιπποθοος,θοος,Adjective,ον,οου,"('ος', 'οου')","('ος', 'ον')"
822,ιπποκελευθος,κελευθος,Noun,ου,ον,"('ος', 'ον')","('ος', 'ου')"
823,ιπποκομος,κομη,Noun,ης,ον,"('μος', 'ον')","('η', 'ης')"
824,ιπποκορυστης,κορυστης,Noun,ου,ου,"('της', 'ου')","('της', 'ου')"
826,ιππολοχος,λοχος,Noun,ου,ου,"('ος', 'ου')","('ος', 'ου')"
827,ιππομαχος,μαχομαι,Verb,V,ον,"('ος', 'ον')",V
828,ιππομαχος,μαχομαι,Verb,V,ον,"('ος', 'ον')",V
830,ιπποπολος,πελομαι,Verb,V,ον,"('λος', 'ον')",V
831,ιππουρις,ουρα,Noun,ας,ιδος,"('ις', 'ιδος')","('ρα', 'ας')"
832,ισοθεος,θεος,Noun,ου,ον,"('εος', 'ον')","('εος', 'ου')"
833,ισομορος,ισος,Noun,ου,ον,"('ρος', 'ον')","('ος', 'ου')"
835,ισοφορος,nan,Verb,V,ον,"('ρος', 'ον')",V
836,ιστοδοκη,δεκομαι,Verb,V,ης,"('η', 'ης')",V
837,ιστοπεδη,nan,Verb,V,ης,"('η', 'ης')",V
838,ιφιανασσα,ανασσα,Noun,ης,ης,"('σα', 'ης')","('σα', 'ης')"
840,ιφιμεδεια,μεδω,Verb,V,ας,"('εια', 'ας')",V
841,κακοειμων,ειμα,Noun,ατος,ον,"('μων', 'ον')","('α', 'ατος')"
842,κακοεργια,nan,Verb,V,ης,"('ια', 'ης')",V
843,κακοεργος,εργον,Noun,ου,ον,"('ος', 'ον')","('ον', 'ου')"
844,κακοιλιος,ιλιος,Noun,α,ου,"('λιος', 'ου')","('λιος', 'α')"
845,κακομηχανος,εκμηχαναομαι,Verb,V,ον,"('νος', 'ον')",V
846,κακορραφιη,nan,Verb,V,ης,"('ιη', 'ης')",V
847,κακοτεχνος,τεχνη,Noun,ης,ον,"('νος', 'ον')","('η', 'ης')"
849,καλλιζωνος,ζωνη,Noun,ης,ον,"('νος', 'ον')","('η', 'ης')"
851,καλλικομος,κομη,Noun,ης,ον,"('μος', 'ον')","('η', 'ης')"
852,καλλικρηδεμνος,κρηδεμνον,Noun,ου,ον,"('νος', 'ον')","('μνον', 'ου')"
853,καλλιπαρηος,παρηιον,Noun,ου,ον,"('ος', 'ον')","('ιον', 'ου')"
854,καλλιπλοκαμος,πλοκαμος,Noun,ου,ον,"('μος', 'ον')","('μος', 'ου')"
855,καλλιρεεθρος,nan,Verb,V,ον,"('ρος', 'ον')",V
857,καλλισφυρος,nan,Verb,V,ον,"('ρος', 'ον')",V
858,καλλιχορος,χορος,Noun,ου,ον,"('ρος', 'ον')","('ρος', 'ου')"
859,καρτεροθυμος,καρτερως,Verb,V,ον,"('μος', 'ον')",V
860,καρχαροδους,οδους,Noun,e,ουν,"('υς', 'ουν')",
861,κασιγνητη,γιγνομαι,Verb,V,ης,"('η', 'ης')",V
863,καταθνητος,θνητος,Adjective,ον,ον,"('τος', 'ον')","('τος', 'ον')"
865,κατακαιριος,καιριος,Noun,α,ον,"('ιος', 'ον')","('ιος', 'α')"
866,καταπρηνης,nan,Verb,V,ες,"('ης', 'ες')",V
867,καταχθονιος,οχθη,Noun,ης,ον,"('ιος', 'ον')","('η', 'ης')"
868,κατηρεφης,ερεφω,Verb,V,ες,"('ης', 'ες')",V
869,κατωμαδιος,nan,Verb,V,ον,"('ιος', 'ον')",V
871,κενεαυχης,κενεος,Adjective,ον,ες,"('ης', 'ες')","('εος', 'ον')"
872,κεντρηνεκης,κεντροω,Verb,V,ες,"('ης', 'ες')",V
873,κερδαλεοφρων,φρην,Noun,e,ον,"('ων', 'ον')",
874,κερτομια,τεμνω,Verb,V,ας,"('ια', 'ας')",V
875,κηρεσσιφορητος,nan,Verb,V,ον,"('τος', 'ον')",V
879,κλυτοεργος,εργον,Noun,ου,ον,"('ος', 'ον')","('ον', 'ου')"
880,κλυτομηδης,μηδομαι,Verb,V,εος,,V
881,κλυτονηος,ναυς,Noun,e,ου,"('ος', 'ου')",
882,κλυτοπωλος,πωλος,Adjective,ου,ον,"('λος', 'ον')","('λος', 'ου')"
883,κλυτοτεχνης,τεχνη,Noun,ης,ου,"('ης', 'ου')","('η', 'ης')"
884,κλυτοτοξος,τοξον,Noun,ου,ον,"('ος', 'ον')","('ον', 'ου')"
885,κολοσυρτος,συρω,Verb,V,ου,"('τος', 'ου')",V
886,κονισαλος,σαλευω,Verb,V,ου,"('λος', 'ου')",V
888,κορυθαιολος,αιολεω,Verb,V,ον,"('λος', 'ον')",V
889,κοτυληρυτος,αρυω,Verb,V,ον,"('τος', 'ον')",V
890,κουριδιος,ιδιος,Noun,α,ον,"('ιδιος', 'ον')","('ιδιος', 'α')"
891,κουροτροφος,τρεφω,Verb,V,ον,"('ος', 'ον')",V
892,κραταιγυαλος,γυαλον,Noun,ου,ον,"('λος', 'ον')","('ον', 'ου')"
893,κραταιπεδος,πεδον,Noun,ου,ον,"('ος', 'ον')","('ον', 'ου')"
894,κρατεροφρων,φρην,Noun,e,ον,"('ων', 'ον')",
895,κρατερωνυξ,ονυξ,Noun,υχος,υχος,,
896,κρηδεμνον,υδεω,Verb,V,ου,"('μνον', 'ου')",V
897,κροκοπεπλος,πεπλος,Noun,ου,ον,"('λος', 'ον')","('λος', 'ου')"
898,κτησιππος,ιππος,Noun,ου,ον,"('ος', 'ον')","('ος', 'ου')"
899,κυανοπεζα,πεζα,Noun,ης,ης,"('α', 'ης')","('α', 'ης')"
900,κυανοπρωρειος,πυρρα,Noun,ας,ον,"('ειος', 'ον')","('ρα', 'ας')"
901,κυανοχαιτης,χαιτη,Noun,ης,ου,"('της', 'ου')","('η', 'ης')"
902,κυανωπις,nan,Verb,V,ιδος,"('ις', 'ιδος')",V
903,κυδιανειρα,ανειρυω,Verb,V,ας,"('ρα', 'ας')",V
904,κυκλοτερης,τειρω,Verb,V,ες,"('ης', 'ες')",V
905,κυκλωψ,nan,Verb,V,ωπος,,V
907,κυναμυια,μυια,Noun,ας,ας,"('ια', 'ας')","('ια', 'ας')"
909,κυνοραιστης,οραι,Noun,ων,ου,"('της', 'ου')",
911,κυνωπις,nan,Verb,V,ιδος,"('ις', 'ιδος')",V
913,λαερτης,nan,Verb,V,ου,"('της', 'ου')",V
914,λαερτιαδης,nan,Verb,V,ου,"('ης', 'ου')",V
918,λακεδαιμων,δαιμων,Adjective,ονος,ονος,"('μων', 'ονος')","('μων', 'ονος')"
921,λαοδοκος,δεκομαι,Verb,V,ου,"('ος', 'ου')",V
922,λαοθοη,θοος,Adjective,ον,ης,"('η', 'ης')","('ος', 'ον')"
923,λ,μεδω,Verb,V,λ,,V
924,λαοσσοος,σευω,Verb,V,οον,,V
925,λαοφορος,φερω,Verb,V,ον,"('ρος', 'ον')",V
926,λευκασπις,ασπις,Noun,ιδος,ιδος,"('ις', 'ιδος')","('ις', 'ιδος')"
928,λευκωλενος,ωλενη,Noun,ης,ον,"('νος', 'ον')","('η', 'ης')"
929,λεχεποιης,οποι,Verb,V,ου,"('ης', 'ου')",V
932,λιγυφθογγος,nan,Verb,V,ον,"('ος', 'ον')",V
933,λιγυφωνος,nan,Verb,V,ον,"('νος', 'ον')",V
934,λιπαροκρηδεμνος,nan,Verb,V,ον,"('νος', 'ον')",V
935,λιπαροπλοκαμος,πλοκαμος,Noun,ου,ον,"('μος', 'ον')","('μος', 'ου')"
938,λυκομηδης,μηδομαι,Verb,V,ους,"('ης', 'ους')",V
940,λυκοφοντης,θεινω,Verb,V,ου,"('της', 'ου')",V
941,λυκοφρων,nan,Verb,V,ον,"('ων', 'ον')",V
949,μελανθω,μελω,Verb,V,ους,,V
950,μελανιππος,nan,Verb,V,ον,"('ος', 'ον')",V
953,μελανυδρος,nan,Verb,V,ον,"('ρος', 'ον')",V
954,μελεαγρος,μελε,Noun,ω,ου,"('ρος', 'ου')",
955,μελιγηρυς,nan,Verb,V,υος,"('υς', 'υος')",V
956,μελιηδης,ηδυς,Adjective,ηδυ,ες,"('ης', 'ες')",
959,μενεδηιος,δηιος,Adjective,ον,ον,"('ιος', 'ον')","('ιος', 'ον')"
961,μενεπτολεμος,πτολεμος,Noun,ου,ον,"('μος', 'ον')","('μος', 'ου')"
963,μενεσθιος,nan,Verb,V,ου,"('ιος', 'ου')",V
964,μενεχαρμης,χαρμη,Noun,ης,ου,"('ης', 'ου')","('η', 'ης')"
967,μενοιτιος,οιτος,Noun,ου,ου,"('ιος', 'ου')","('ιτος', 'ου')"
968,μεσαιπολιος,nan,Verb,V,ον,"('λιος', 'ον')",V
971,μεταγγελος,nan,Verb,V,ου,"('λος', 'ου')",V
972,μεταδημιος,nan,Verb,V,ον,"('ιος', 'ον')",V
973,μεταδορπιος,nan,Verb,V,ον,"('ιος', 'ον')",V
974,μεταπαυσωλη,nan,Verb,V,ης,"('η', 'ης')",V
975,μεταφρενον,nan,Verb,V,ου,"('ον', 'ου')",V
976,μετηορος,nan,Verb,V,ον,"('ρος', 'ον')",V
977,μετωπιον,πος,Verb,V,ου,"('ιον', 'ου')",V
978,μετωπον,nan,Verb,V,ου,"('ον', 'ου')",V
980,μιαιφονος,μιαινω,Verb,V,ον,"('νος', 'ον')",V
981,μιλτοπαρηος,nan,Verb,V,ον,"('ος', 'ον')",V
982,μογοστοκος,τικτω,Verb,V,ον,"('ος', 'ον')",V
983,μοιχαγρια,αγρευω,Verb,V,ων,"('ια', 'ων')",V
984,μυλοειδης,nan,Verb,V,ες,"('ιδης', 'ες')",V
985,μωνυξ,nan,Verb,V,υχος,,V
987,ναυλοχος,λοχος,Noun,ου,ον,"('ος', 'ον')","('ος', 'ου')"
988,ναυσιθοος,θοος,Adjective,ον,ου,"('ος', 'ου')","('ος', 'ον')"
989,ναυσικλειτος,κλειτος,Adjective,ον,ον,"('ιτος', 'ον')","('ιτος', 'ον')"
990,ναυσικλυτος,κλυτος,Adjective,ον,ον,"('τος', 'ον')","('τος', 'ον')"
991,νεηγενης,γενεσθαι,Verb,V,ες,"('ης', 'ες')",V
992,νεηκης,ακμη,Noun,ης,ες,"('ης', 'ες')","('η', 'ης')"
993,νεηλυς,ελευσομαι,Verb,V,υδος,,V
994,νεοαρδης,αρδω,Verb,V,ες,"('ης', 'ες')",V
995,νεοδαρτος,δερω,Verb,V,ον,"('τος', 'ον')",V
997,νεοπριστος,πριστος,Adjective,ον,ον,"('στος', 'ον')","('στος', 'ον')"
998,νεοπτολεμος,πολεμος,Noun,ου,ου,"('μος', 'ου')","('μος', 'ου')"
999,νεοσμηκτος,σμηχω,Verb,V,ον,"('τος', 'ον')",V
1000,νεοστροφος,στρεφω,Verb,V,ον,"('ος', 'ον')",V
1001,νεοτευκτος,τευχω,Verb,V,ον,"('τος', 'ον')",V
1002,νεοτευχης,τευχω,Verb,V,ες,"('ης', 'ες')",V
1005,νηδυμος,nan,Verb,V,ον,"('μος', 'ον')",V
1007,νηλειτις,αλιταινω,Verb,V,ιδος,"('τις', 'ιδος')",V
1008,νηλης,ελεος,Noun,e,ες,"('ης', 'ες')",
1009,νημερτης,αμαρτανω,Verb,V,ες,"('της', 'ες')",V
1012,νηριτον,nan,Verb,V,ου,"('ον', 'ου')",V
1013,νωνυμος,nan,Verb,V,ον,"('μος', 'ον')",V
1014,νωροψ,ροπη,Noun,ης,οπος,,"('η', 'ης')"
1016,ξυλοχος,nan,Verb,V,ου,"('ος', 'ου')",V
1017,οαριστυς,nan,Verb,V,υος,"('υς', 'υος')",V
1020,οδοιποριον,nan,Verb,V,ου,"('ιον', 'ου')",V
1021,οδοιπορος,πειρω,Verb,V,ου,"('ρος', 'ου')",V
1022,οδυνηφατος,nan,Verb,V,ον,"('τος', 'ον')",V
1024,οιζυρος,nan,Verb,V,ον,"('ρος', 'ον')",V
1027,οινομαος,μαιομαι,Verb,V,ου,"('ος', 'ου')",V
1028,οινοπεδος,πεδον,Noun,ου,ον,"('ος', 'ον')","('ον', 'ου')"
1029,οινοπληθης,nan,Verb,V,ες,"('ης', 'ες')",V
1030,οινοποτηρ,nan,Verb,V,ηρος,"('τηρ', 'ηρος')",V
1031,οινοχοος,χεω,Verb,V,οου,"('ος', 'οου')",V
1033,οιοπολος,πελομαι,Verb,V,ον,"('λος', 'ον')",V
1034,οιστος,λιστος,Adjective,ον,ον,"('στος', 'ον')","('στος', 'ον')"
1035,οιωνοπολος,nan,Verb,V,ον,"('λος', 'ον')",V
1036,οκτακνημος,nan,Verb,V,ον,"('μος', 'ον')",V
1037,οκτωκαιδεκατος,nan,Verb,V,ον,"('τος', 'ον')",V
1038,ολοοιτροχος,nan,Verb,V,ον,"('ος', 'ον')",V
1039,ολοοφρων,φρενοω,Verb,V,ον,"('ων', 'ον')",V
1040,ομηγερης,αγειρω,Verb,V,ες,"('ης', 'ες')",V
1042,ομηλιξ,nan,Verb,V,ικος,,V
1043,ομογαστριος,γαστηρ,Noun,e,ον,"('ιος', 'ον')",
1045,ομοκλητηρ,nan,Verb,V,ηρος,"('τηρ', 'ηρος')",V
1046,ομοτιμος,nan,Verb,V,ον,"('μος', 'ον')",V
1047,ομοφροσυνη,nan,Verb,V,ης,"('συνη', 'ης')",V
1048,ομοφρων,nan,Verb,V,ον,"('ων', 'ον')",V
1050,ονειροπολος,nan,Verb,V,ον,"('λος', 'ον')",V
1051,ονομακλυτος,nan,Verb,V,ον,"('τος', 'ον')",V
1052,οπατρος,nan,Verb,V,ον,"('ρος', 'ον')",V
1055,ορεσιτροφος,τρεφω,Verb,V,ον,"('ος', 'ον')",V
1056,ορεσκωος,nan,Verb,V,ον,"('ος', 'ον')",V
1057,ορθοκραιρος,κραιρα,Noun,ας,ον,"('ρος', 'ον')","('ρα', 'ας')"
1058,ορσιλοχος,λοχος,Noun,ου,ου,"('ος', 'ου')","('ος', 'ου')"
1059,ορσοθυρη,nan,Verb,V,ης,"('η', 'ης')",V
1061,ουδενοσωρος,ωρα,Noun,ας,ον,"('ρος', 'ον')","('ρα', 'ας')"
1064,ουρανομηκης,nan,Verb,V,ες,"('ης', 'ες')",V
1065,ουτιδανος,nan,Verb,V,ον,"('νος', 'ον')",V
1066,οψιγονος,nan,Verb,V,ον,"('νος', 'ον')",V
1067,παγχαλκεος,χαλκεος,Adjective,ον,εον,,"('εος', 'ον')"
1068,παγχαλκος,χαλκος,Noun,ου,ον,"('ος', 'ον')","('ος', 'ου')"
1069,παιδοφονος,φονος,Noun,ου,ον,"('νος', 'ον')","('νος', 'ου')"
1070,παλαιγενης,nan,Verb,V,ες,"('ης', 'ες')",V
1071,παλαιφατος,φημι,Verb,V,ον,"('τος', 'ον')",V
1072,παλιλλογος,αλεγω,Verb,V,ον,"('ος', 'ον')",V
1074,παλιναγρετος,nan,Verb,V,ον,"('ετος', 'ον')",V
1075,παλινορσος,ορνυμι,Verb,V,ον,"('ος', 'ον')",V
1076,παλιντονος,τονος,Noun,ου,ον,"('νος', 'ον')","('νος', 'ου')"
1077,παλιρροθιος,ροθιος,Adjective,ον,ον,"('ιος', 'ον')","('ιος', 'ον')"
1078,παλιωξις,ιωκη,Noun,ης,εως,"('ις', 'εως')","('η', 'ης')"
1079,παμμελας,nan,Verb,V,αν,,V
1080,παμποικιλος,ποικιλος,Adjective,ον,ον,"('λος', 'ον')","('λος', 'ον')"
1081,παμπρωτος,πρωτος,Noun,ου,ον,"('ωτος', 'ον')","('ωτος', 'ου')"
1083,παναγρος,αγειρω,Verb,V,ον,"('ρος', 'ον')",V
1084,παναιολος,nan,Verb,V,ον,"('λος', 'ον')",V
1085,παναπαλος,απατηλος,Adjective,ον,ον,"('λος', 'ον')","('ηλος', 'ον')"
1086,παναποτμος,αποτμος,Adjective,ον,ον,"('μος', 'ον')","('μος', 'ον')"
1087,παναργυρος,αργυρος,Noun,ου,ον,"('ρος', 'ον')","('ρος', 'ου')"
1088,παναφηλιξ,αφηλιξ,Noun,ικος,ικος,,
1089,παναχαιοι,αχαια,Noun,ας,ων,"('ιοι', 'ων')","('ια', 'ας')"
1090,παναωριος,αωριος,Adjective,ον,ον,"('ιος', 'ον')","('ιος', 'ον')"
1091,πανδαματωρ,δαμαω,Verb,V,ορος,"('τωρ', 'ορος')",V
1092,πανδαρος,nan,Verb,V,ου,"('ρος', 'ου')",V
1093,πανδημιος,nan,Verb,V,ον,"('ιος', 'ον')",V
1097,πανθοος,θοος,Adjective,ον,οου,"('ος', 'οου')","('ος', 'ον')"
1099,παννυχιος,νυκτωπος,Noun,ον,ον,"('ιος', 'ον')","('ος', 'ον')"
1100,πανομφαιος,ομφη,Noun,ης,ου,"('ιος', 'ου')","('η', 'ης')"
1101,πανοπευς,οψομαι,Verb,V,εως,"('ευς', 'εως')",V
1102,πανορμος,ορμος,Noun,ου,ον,"('μος', 'ον')","('μος', 'ου')"
1103,πανοψιος,οψις,Noun,εως,ον,"('ιος', 'ον')","('ις', 'εως')"
1104,πανυστατος,υστατος,Adjective,ον,ον,"('τος', 'ον')","('τος', 'ον')"
1106,παρακοιτης,κειμαι,Verb,V,ου,"('της', 'ου')",V
1107,παρακοιτις,κειμαι,Verb,V,ιν,"('τις', 'ιν')",V
1108,παραπληξ,οπλη,Noun,ης,ηγος,,"('η', 'ης')"
1109,παραρρητος,nan,Verb,V,ον,"('τος', 'ον')",V
1110,παρεια,ωτος,Noun,ου,ας,"('εια', 'ας')","('ωτος', 'ου')"
1111,παρηιον,ωτος,Noun,ου,ου,"('ιον', 'ου')","('ωτος', 'ου')"
1112,παρηορια,αειρω,Verb,V,ας,"('ια', 'ας')",V
1113,παρηορος,αειρω,Verb,V,ον,"('ρος', 'ον')",V
1115,πατροκασιγνητος,κασιγνητος,Noun,ου,ου,"('τος', 'ου')","('τος', 'ου')"
1117,πατροφονευς,φονευς,Adjective,εως,εως,"('ευς', 'εως')","('ευς', 'εως')"
1118,πατροφονος,nan,Verb,V,ον,"('νος', 'ον')",V
1121,πεισηνοριδης,nan,Verb,V,e,,V
1122,πεισηνωρ,υψηνωρ,Noun,ορος,ορος,"('ωρ', 'ορος')","('ωρ', 'ορος')"
1123,πεισιστρατος,επεισα,Verb,V,ου,"('τος', 'ου')",V
1128,πεντηκοντογυος,γυης,Noun,ου,ον,"('ος', 'ον')","('ης', 'ου')"
1130,περιγλαγης,γλαγος,Noun,εος,ες,"('ης', 'ες')",
1131,περιδεξιος,nan,Verb,V,ον,"('ιος', 'ον')",V
1132,περιηρης,ηρσα,Verb,V,ους,"('ης', 'ους')",V
1134,περικλυμενος,κλυμενος,Adjective,ον,ου,"('νος', 'ου')","('νος', 'ον')"
1135,περικλυτος,κλυτος,Adjective,ον,ον,"('τος', 'ον')","('τος', 'ον')"
1136,περικτιονες,κτιζω,Verb,V,ων,"('ες', 'ων')",V
1137,περιμετρος,μετρον,Noun,ου,ον,"('ρος', 'ον')","('ον', 'ου')"
1138,περιμηδης,μηδομαι,Verb,V,ους,"('ης', 'ους')",V
1140,περιξεστος,nan,Verb,V,ον,"('στος', 'ον')",V
1141,περιπευκης,πευκη,Noun,ης,ες,"('ης', 'ες')","('η', 'ης')"
1142,περιρρηδης,nan,Verb,V,ες,"('ης', 'ες')",V
1143,περιρρυτος,ρυτη,Noun,ης,ον,"('τος', 'ον')","('η', 'ης')"
1144,περισκεπτος,σκεπτομαι,Verb,V,ον,"('τος', 'ον')",V
1145,περιτροχος,τρεχω,Verb,V,ον,"('ος', 'ον')",V
1146,περιφητης,φημι,Verb,V,ου,"('ητης', 'ου')",V
1147,περιφραδης,υποφραζομαι,Verb,V,ες,"('ης', 'ες')",V
1148,περιφρων,φρην,Noun,e,ον,"('ων', 'ον')",
1150,περσεφονεια,φονος,Noun,ου,ας,"('εια', 'ας')","('νος', 'ου')"
1151,πικρογαμος,γαμος,Noun,ου,ον,"('μος', 'ον')","('μος', 'ου')"
1152,πληξιππος,ιππος,Noun,ου,ον,"('ος', 'ον')","('ος', 'ου')"
1153,πλησιστιος,nan,Verb,V,ον,"('ιος', 'ον')",V
1154,ποδανιπτρον,νιπτρον,Noun,ου,ου,"('ον', 'ου')","('ον', 'ου')"
1155,ποδαργη,nan,Verb,V,ης,"('η', 'ης')",V
1156,ποδαρκης,αρκεω,Verb,V,ες,"('ης', 'ες')",V
1157,ποδαρκης,αρκεω,Verb,V,ες,"('ης', 'ες')",V
1158,ποδηνεκης,ενεγκειν,Verb,V,ες,"('ης', 'ες')",V
1159,ποδηνεμος,ανεμος,Noun,ου,ον,"('μος', 'ον')","('μος', 'ου')"
1160,ποδωκης,ωκυς,Adjective,υ,ες,"('ης', 'ες')","('υς', 'υ')"
1161,ποικιλομητης,nan,Verb,V,ου,"('ητης', 'ου')",V
1162,πολεμιστης,nan,Verb,V,ου,"('της', 'ου')",V
1163,πολιοκροταφος,κροταφος,Noun,ου,ον,"('ος', 'ον')","('ος', 'ου')"
1164,πολυαιμονιδης,ραων,Adjective,ον,ου,"('ιδης', 'ου')","('ων', 'ον')"
1165,πολυαινος,nan,Verb,V,ον,"('νος', 'ον')",V
1166,πολυαιξ,nan,Verb,V,ικος,,V
1167,πολυανθης,nan,Verb,V,ες,"('ης', 'ες')",V
1173,πολυγηθης,nan,Verb,V,ες,"('ης', 'ες')",V
1174,πολυδαιδαλος,δαιδαλος,Adjective,ον,ον,"('λος', 'ον')","('λος', 'ον')"
1177,πολυδειρας,δειρας,Noun,αδος,αδος,"('ας', 'αδος')","('ας', 'αδος')"
1178,πολυδενδρεος,δενδρον,Noun,ου,ον,"('εος', 'ον')","('ον', 'ου')"
1179,πολυδεσμος,nan,Verb,V,ον,"('μος', 'ον')",V
1180,πολυδωρος,nan,Verb,V,ον,"('ρος', 'ον')",V
1181,πολυηγερης,αγειρω,Verb,V,ες,"('ης', 'ες')",V
1182,πολυηρατος,εραω,Verb,V,ον,"('τος', 'ον')",V
1183,πολυηχης,nan,Verb,V,ες,"('ης', 'ες')",V
1184,πολυθαρσης,θαρσηεις,Adjective,ηεν,ες,"('ης', 'ες')","('εις', 'ηεν')"
1185,πολυθερσειδης,nan,Verb,V,-η,,V
1186,πολυιδος,nan,Verb,V,ου,"('ος', 'ου')",V
1189,πολυιππος,nan,Verb,V,ον,"('ος', 'ον')",V
1190,πολυκαγκης,καγκανος,Adjective,ον,ες,"('ης', 'ες')","('νος', 'ον')"
1191,πολυκαρπος,nan,Verb,V,ον,"('ος', 'ον')",V
1192,πολυκαστη,nan,Verb,V,ης,"('στη', 'ης')",V
1194,πολυκερδης,nan,Verb,V,ες,"('ης', 'ες')",V
1195,πολυκηδης,nan,Verb,V,ες,"('ης', 'ες')",V
1196,πολυκληρος,nan,Verb,V,ον,"('ρος', 'ον')",V
1197,πολυκλητος,nan,Verb,V,ον,"('τος', 'ον')",V
1199,πολυκμητος,καμνω,Verb,V,ον,"('τος', 'ον')",V
1200,πολυκτημων,nan,Verb,V,ον,"('μων', 'ον')",V
1201,πολυκτοριδης,nan,Verb,V,e,,V
1203,πολυληιος,nan,Verb,V,ον,"('ιος', 'ον')",V
1204,πολυλλιστος,nan,Verb,V,ον,"('στος', 'ον')",V
1205,πολυμηλος,nan,Verb,V,ον,"('ηλος', 'ον')",V
1208,πολυμηχανος,μηχανη,Noun,ης,ον,"('νος', 'ον')","('η', 'ης')"
1209,πολυμνηστη,μναομαι,Verb,V,ης,"('στη', 'ης')",V
1210,πολυμυθος,nan,Verb,V,ον,"('ος', 'ον')",V
1211,πολυνεικης,nan,Verb,V,ες,"('ης', 'ες')",V
1212,πολυνηος,ναυς,Noun,e,ου,"('ος', 'ου')",
1213,πολυπαιπαλος,nan,Verb,V,ον,"('λος', 'ον')",V
1214,πολυπαμων,nan,Verb,V,ον,"('μων', 'ον')",V
1215,πολυπιδαξ,πιδαξ,Noun,ακος,ακος,,
1217,πολυπικρος,nan,Verb,V,ον,"('ρος', 'ον')",V
1218,πολυπλαγκτος,nan,Verb,V,ον,"('τος', 'ον')",V
1220,πολυπτυχος,nan,Verb,V,ον,"('ος', 'ον')",V
1223,πολυσπερης,σπειρω,Verb,V,ες,"('ης', 'ες')",V
1224,πολυστονος,στονος,Noun,ου,ον,"('νος', 'ον')","('νος', 'ου')"
1226,πολυτλημων,nan,Verb,V,ονος,"('μων', 'ονος')",V
1227,πολυτλητος,τλητος,Adjective,ον,ον,"('τος', 'ον')","('τος', 'ον')"
1228,πολυτρητος,nan,Verb,V,ον,"('τος', 'ον')",V
1229,πολυτροπος,nan,Verb,V,ον,"('ος', 'ον')",V
1230,πολυφαρμακος,nan,Verb,V,ον,"('ος', 'ον')",V
1231,πολυφειδης,nan,Verb,V,ους,"('ιδης', 'ους')",V
1232,πολυφημος,nan,Verb,V,ον,"('μος', 'ον')",V
1233,πολυφημος,nan,Verb,V,ον,"('μος', 'ον')",V
1236,πολυφρων,φρενοω,Verb,V,ον,"('ων', 'ον')",V
1237,πολυχαλκος,nan,Verb,V,ον,"('ος', 'ον')",V
1238,πολυχρυσος,nan,Verb,V,ον,"('ος', 'ον')",V
1239,πολυωπος,nan,Verb,V,ον,"('ος', 'ον')",V
1241,ποντοπορος,πειρω,Verb,V,ον,"('ρος', 'ον')",V
1250,προγονος,nan,Verb,V,ον,"('νος', 'ον')",V
1251,προδομος,δομος,Noun,ου,ον,"('μος', 'ον')","('μος', 'ου')"
1252,προηκης,nan,Verb,V,ες,"('ης', 'ες')",V
1253,προθελυμνος,θελημων,Adjective,ον,ον,"('νος', 'ον')","('μων', 'ον')"
1254,προθοων,nan,Verb,V,ωνος,"('ων', 'ωνος')",V
1255,προθυρον,θυρα,Noun,ας,ου,"('ον', 'ου')","('ρα', 'ας')"
1256,προικτης,ικνεομαι,Verb,V,ου,"('της', 'ου')",V
1259,προμαχος,nan,Verb,V,ον,"('ος', 'ον')",V
1262,προπρηνης,πρηνης,Noun,ες,ες,"('ης', 'ες')","('ης', 'ες')"
1264,προσκηδης,nan,Verb,V,ες,"('ης', 'ες')",V
1265,προσωπον,πος,Verb,V,ου,"('ον', 'ου')",V
1266,προτμησις,nan,Verb,V,εως,"('σις', 'εως')",V
1268,προφρασσα,nan,Verb,V,ης,"('σα', 'ης')",V
1269,προφρων,φρενοω,Verb,V,ον,"('ων', 'ον')",V
1271,πρωτεσιλαος,nan,Verb,V,ου,"('ος', 'ου')",V
1272,πρωτογονος,nan,Verb,V,ον,"('νος', 'ον')",V
1273,πρωτοπαγης,πηγνυμι,Verb,V,ες,"('ης', 'ες')",V
1275,πρωτοτοκος,nan,Verb,V,ον,"('ος', 'ον')",V
1276,πτολιπορθος,περθω,Verb,V,ον,"('ος', 'ον')",V
1277,πυγμαχια,ραχια,Noun,ας,ας,"('ια', 'ας')","('ια', 'ας')"
1278,πυγμαχος,μαχομαι,Verb,V,ον,"('ος', 'ον')",V
1279,πυκιμηδης,nan,Verb,V,ες,"('ης', 'ες')",V
1280,πυλαιμενης,μενω,Verb,V,ους,"('ης', 'ους')",V
1281,πυλαρτης,αραρισκω,Verb,V,ου,"('της', 'ου')",V
1282,πυλαωρος,οραω,Verb,V,ου,"('ρος', 'ου')",V
1284,πυρηφορος,nan,Verb,V,ον,"('ρος', 'ον')",V
1285,πυριηκης,nan,Verb,V,ες,"('ης', 'ες')",V
1286,πυρικαυστος,nan,Verb,V,ον,"('στος', 'ον')",V
1289,πυροφορος,nan,Verb,V,ον,"('ρος', 'ον')",V
1290,ρηξηνωρ,ανδρος,Noun,ου,ορος,"('ωρ', 'ορος')","('ρος', 'ου')"
1291,ρινοτορος,τειρω,Verb,V,ον,"('ρος', 'ον')",V
1292,ροδοδακτυλος,δακτυλος,Noun,ου,ον,"('λος', 'ον')","('λος', 'ου')"
1293,σακεσπαλος,παλλω,Verb,V,ον,"('λος', 'ον')",V
1294,σαοφροσυνη,nan,Verb,V,ης,"('συνη', 'ης')",V
1295,σαοφρων,nan,Verb,V,ον,"('ων', 'ον')",V
1296,σηκοκορος,κορεω,Verb,V,ου,"('ρος', 'ου')",V
1298,σιτοφαγος,ασιτος,Adjective,ον,ον,"('ος', 'ον')","('ιτος', 'ον')"
1299,σκηπτουχος,ασηπτος,Adjective,ον,ου,"('ος', 'ου')","('τος', 'ον')"
1300,σκυτοτομος,τεμνω,Verb,V,ου,"('μος', 'ου')",V
1302,στεροπη,nan,Verb,V,ης,"('η', 'ης')",V
1307,συμφερτος,nan,Verb,V,ον,"('τος', 'ον')",V
1308,συνθεσια,τιθημι,Verb,V,ης,"('σια', 'ης')",V
1309,συντρεις,nan,Verb,V,ια,,V
1312,ταλαπειριος,πειρα,Noun,ας,ον,"('ιος', 'ον')","('ρα', 'ας')"
1314,ταλασιφρων,φρενοω,Verb,V,ον,"('ων', 'ον')",V
1315,ταλαυρινος,ηρινος,Verb,V,ον,"('νος', 'ον')",V
1316,ταλαφρων,φρενοω,Verb,V,ον,"('ων', 'ον')",V
1317,ταμεσιχρως,τερψιμβροτος,Verb,V,οος,,V
1318,ταναηκης,ηκη,Noun,ης,ες,"('ης', 'ες')","('η', 'ης')"
1319,ταναυπους,σποδος,Noun,ου,ουν,"('υς', 'ουν')","('ος', 'ου')"
1320,τανηλεγης,αλεγω,Verb,V,ες,"('ης', 'ες')",V
1321,τανυγλωσσος,γλωσσα,Noun,ης,ον,"('ος', 'ον')","('σα', 'ης')"
1323,τανυπεπλος,τανυμαι,Noun,e,ον,"('λος', 'ον')",
1324,τανυπτερυξ,πτερυξ,Noun,υγος,υγος,,
1325,τανυσιπτερος,πτερον,Noun,ου,ον,"('τερος', 'ον')","('ον', 'ου')"
1326,τανυφλοιος,τανυμαι,Noun,e,ον,"('ιος', 'ον')",
1327,τανυφυλλος,φυλλον,Noun,ου,ον,"('λος', 'ον')","('ον', 'ου')"
1328,ταχυπωλος,πωλος,Adjective,ου,ον,"('λος', 'ον')","('λος', 'ου')"
1330,τελεσφορος,φερω,Verb,V,ον,"('ρος', 'ον')",V
1331,τερπικεραυνος,κεραυνοω,Verb,V,ον,"('νος', 'ον')",V
1335,τετραθελυμνος,nan,Verb,V,ον,"('νος', 'ον')",V
1337,τετραορος,αειρω,Verb,V,ον,"('ρος', 'ον')",V
1338,τετραφαληρος,φαληρον,Noun,ου,ον,"('ρος', 'ον')","('ον', 'ου')"
1339,τετραφαλος,φαλος,Adjective,ον,ον,"('λος', 'ον')","('λος', 'ον')"
1340,τηλεκλειτος,κλειτος,Adjective,ον,ον,"('ιτος', 'ον')","('ιτος', 'ον')"
1341,τηλεκλυτος,κλυτος,Adjective,ον,ον,"('τος', 'ον')","('τος', 'ον')"
1342,τηλεμαχος,μαχομαι,Verb,V,ον,"('ος', 'ον')",V
1343,τηλεπυλος,πυλος,Adjective,ου,ον,"('λος', 'ον')","('λος', 'ου')"
1345,τηλυγετος,γιγνομαι,Verb,V,ον,"('ετος', 'ον')",V
1346,τληπολεμος,πολεμος,Noun,ου,ου,"('μος', 'ου')","('μος', 'ου')"
1349,τοξοφορος,φερω,Verb,V,ον,"('ρος', 'ον')",V
1350,τοσσοσδε,δε,Verb,V,ονδε,,V
1353,τραπεζευς,nan,Verb,V,εως,"('ευς', 'εως')",V
1355,τριετης,τρεις,Adjective,τρια,ες,"('ετης', 'ες')",
1357,τριπολος,πελομαι,Verb,V,ον,"('λος', 'ον')",V
1358,τριπους,σποδος,Noun,ου,ουν,"('υς', 'ουν')","('ος', 'ου')"
1359,τριπτυχος,πτυσσω,Verb,V,ον,"('ος', 'ον')",V
1361,τριστοιχος,στοιχος,Noun,ου,ον,"('ος', 'ον')","('ος', 'ου')"
1362,τριτογενεια,γιγνομαι,Verb,V,ας,"('εια', 'ας')",V
1364,τρυφαλεια,φαλος,Adjective,ον,ας,"('εια', 'ας')","('λος', 'ον')"
1366,υδατοτρεφης,τρεφω,Verb,V,ες,"('ης', 'ες')",V
1367,υλακομωρος,μωρος,Adjective,ον,ον,"('ρος', 'ον')","('ρος', 'ον')"
1368,υλοτομος,τεμνω,Verb,V,ον,"('μος', 'ον')",V
1369,υπασπιδιος,απιδεα,Noun,ας,ον,"('ιδιος', 'ον')","('α', 'ας')"
1370,υπειροχιδης,nan,Verb,V,ου,"('ιδης', 'ου')",V
1371,υπειροχος,εχω,Verb,V,ου,"('ος', 'ου')",V
1372,υπειροχος,εχω,Verb,V,ου,"('ος', 'ου')",V
1373,υπεραης,αημι,Verb,V,ες,"('ης', 'ες')",V
1377,υπερηνωρ,ανδρος,Noun,ου,ορος,"('ωρ', 'ορος')","('ρος', 'ου')"
1379,υπερθυριον,nan,Verb,V,ου,"('ιον', 'ου')",V
1380,υπεριονιδης,nan,Verb,V,ου,"('ιδης', 'ου')",V
1381,υπεριων,nan,Verb,V,ονος,"('ιων', 'ονος')",V
1382,υπερμενης,μενετος,Adjective,ον,ους,"('ης', 'ους')","('ετος', 'ον')"
1383,υπεροπλια,nan,Verb,V,ας,"('ια', 'ας')",V
1384,υπεροπλος,οπλον,Noun,ου,ον,"('λος', 'ον')","('ον', 'ου')"
1385,υπερφιαλος,υπερφυης,Adjective,ες,ον,"('λος', 'ον')","('ης', 'ες')"
1386,υποκυκλος,κυκλος,Noun,ου,ον,"('λος', 'ον')","('λος', 'ου')"
1387,υπονηιος,νηιον,Noun,ου,ον,"('ιος', 'ον')","('ιον', 'ου')"
1388,υποπλακιος,nan,Verb,V,ον,"('ιος', 'ον')",V
1390,υποτροπος,τρεπω,Verb,V,ον,"('ος', 'ον')",V
1391,υπουρανιος,ουρανος,Noun,ου,ον,"('ιος', 'ον')","('νος', 'ου')"
1392,υποφητης,φημι,Verb,V,ου,"('ητης', 'ου')",V
1393,υποχειριος,χειρ,Noun,e,ος,"('ιος', 'ος')",
1394,υποψιος,nan,Verb,V,ον,"('ιος', 'ον')",V
1395,υπωπιον,πος,Verb,V,ου,"('ιον', 'ου')",V
1396,υπωροφιος,οροφος,Noun,ου,ον,"('ιος', 'ον')","('ος', 'ου')"
1399,υψερεφης,ερεφω,Verb,V,ες,"('ης', 'ες')",V
1400,υψηνωρ,υψηνωρ,Noun,ορος,ορος,"('ωρ', 'ορος')","('ωρ', 'ορος')"
1401,υψηχης,ηχος,Noun,ου,ες,"('ης', 'ες')","('ος', 'ου')"
1403,υψιζυγος,ζυγον,Noun,ου,ον,"('ος', 'ον')","('ον', 'ου')"
1404,υψικαρηνος,καρηνον,Noun,ου,ον,"('νος', 'ον')","('ον', 'ου')"
1406,υψικομος,κομη,Noun,ης,ον,"('μος', 'ον')","('η', 'ης')"
1407,υψιπετηεις,nan,Verb,V,ηεν,"('εις', 'ηεν')",V
1409,υψιπετης,πετομαι,Verb,V,ου,"('ετης', 'ου')",V
1410,υψιπυλη,πυλη,Noun,ης,ης,"('η', 'ης')","('η', 'ης')"
1411,υψιπυλος,πυλη,Noun,ης,ον,"('λος', 'ον')","('η', 'ης')"
1412,υψοροφος,οροφη,Noun,ης,ον,"('ος', 'ον')","('η', 'ης')"
1414,φαινοψ,πος,Verb,V,οπος,,V
1415,φασσοφονος,nan,Verb,V,ον,"('νος', 'ον')",V
1416,φερεκλος,nan,Verb,V,ου,"('λος', 'ου')",V
1417,φθισηνωρ,υψηνωρ,Noun,ορος,ορος,"('ωρ', 'ορος')","('ωρ', 'ορος')"
1419,φιληρετμος,ερετμος,Noun,ου,ον,"('μος', 'ον')","('μος', 'ου')"
1420,φιλοιτιος,nan,Verb,V,ου,"('ιος', 'ου')",V
1421,φιλοκερτομος,nan,Verb,V,ον,"('μος', 'ον')",V
1422,φιλοκτεανος,nan,Verb,V,ον,"('νος', 'ον')",V
1423,φιλοκτητης,κταομαι,Verb,V,ου,"('ητης', 'ου')",V
1427,φιλοπτολεμος,πτολεμος,Noun,ου,ον,"('μος', 'ον')","('μος', 'ου')"
1430,φοινικοπαρηος,παρεια,Noun,ας,ον,"('ος', 'ον')","('εια', 'ας')"
1431,φυγοπτολεμος,nan,Verb,V,ον,"('μος', 'ον')",V
1432,φυλομεδουσα,nan,Verb,V,ης,"('σα', 'ης')",V
1434,φυσιζοος,nan,Verb,V,ον,"('ος', 'ον')",V
1435,χαλιφρων,φρην,Noun,e,ον,"('ων', 'ον')",
1437,χαλκεοφωνος,φωνη,Noun,ης,ον,"('νος', 'ον')","('η', 'ης')"
1438,χαλκηρης,αραρισκω,Verb,V,ες,"('ης', 'ες')",V
1442,χαλκοκορυστης,κορυστης,Noun,ου,ου,"('της', 'ου')","('της', 'ου')"
1443,χαλκοπαρηος,παρεια,Noun,ας,ον,"('ος', 'ον')","('εια', 'ας')"
1445,χαλκοτυπος,τυπος,Noun,ου,ον,"('ος', 'ον')","('ος', 'ου')"
1446,χαλκοχιτων,χιτων,Noun,ωνος,ωνος,"('ων', 'ωνος')","('ων', 'ωνος')"
1447,χαμαιευνης,ευνη,Noun,ης,ου,"('ης', 'ου')","('η', 'ης')"
1448,χαμαιευνας,ευνη,Noun,ης,αδος,"('ας', 'αδος')","('η', 'ης')"
1449,χαροπος,οψις,Noun,εως,ον,"('ος', 'ον')","('ις', 'εως')"
1452,χερνιψ,νιζω,Verb,V,ιϐος,,V
1455,χρυσαμπυξ,αμπυξ,Noun,υκος,υκος,,
1456,χρυσαορος,αορ,Noun,αορ,ον,"('ρος', 'ον')",
1457,χρυσηλακατος,ηλακατη,Noun,ης,ον,"('τος', 'ον')","('η', 'ης')"
1460,χρυσοθρονος,θρονος,Noun,ου,ον,"('νος', 'ον')","('νος', 'ου')"
1461,χρυσοπεδιλος,πεδιλον,Noun,ου,ον,"('λος', 'ον')","('ον', 'ου')"
1462,χρυσοπτερος,πτερον,Noun,ου,ον,"('τερος', 'ον')","('ον', 'ου')"
1463,χρυσορραπις,ραπις,Noun,ιδος,ιδος,"('ις', 'ιδος')","('ις', 'ιδος')"
1464,χρυσοχοος,χεω,Verb,V,οου,"('ος', 'οου')",V
1465,ψευδαγγελος,αγγελος,Adjective,ου,ου,"('λος', 'ου')","('λος', 'ου')"
1468,ωκυμορος,μειρομαι,Verb,V,ον,"('ρος', 'ον')",V
1469,ωκυπετης,πετομαι,Verb,V,ου,"('ετης', 'ου')",V
1470,ωκυπορος,πειρω,Verb,V,ον,"('ρος', 'ον')",V
1471,ωκυπους,σποδος,Noun,ου,ουν,"('υς', 'ουν')","('ος', 'ου')"
1472,ωκυπτερος,πτερον,Noun,ου,ον,"('τερος', 'ον')","('ον', 'ου')"
1474,ωλεσικαρπος,καρπος,Noun,ου,ον,"('ος', 'ον')","('ος', 'ου')"
1475,ωμηστης,εδω,Verb,V,ου,"('της', 'ου')",V
1477,ωμοφαγος,φαγειν,Verb,V,ον,"('ος', 'ον')",V
